,t,f,v
0,CLF US EQUITY,GICS SECTOR NAME,Materials
1,JPM US EQUITY,GICS SECTOR NAME,Financials
2,LCID US EQUITY,GICS SECTOR NAME,Consumer Discretionary
3,PYPL US EQUITY,GICS SECTOR NAME,Information Technology
4,NCLH US EQUITY,GICS SECTOR NAME,Consumer Discretionary
5,DAL US EQUITY,GICS SECTOR NAME,Industrials
6,DKNG US EQUITY,GICS SECTOR NAME,Consumer Discretionary
7,WISH US EQUITY,GICS SECTOR NAME,Consumer Discretionary
8,VZ US EQUITY,GICS SECTOR NAME,Communication Services
9,PLUG US EQUITY,GICS SECTOR NAME,Industrials
10,ENPH US EQUITY,GICS SECTOR NAME,Information Technology
11,SNOW US EQUITY,GICS SECTOR NAME,Information Technology
12,FISV US EQUITY,GICS SECTOR NAME,Information Technology
13,USB US EQUITY,GICS SECTOR NAME,Financials
14,TWLO US EQUITY,GICS SECTOR NAME,Information Technology
15,GGPI US EQUITY,GICS SECTOR NAME,
16,ADBE US EQUITY,GICS SECTOR NAME,Information Technology
17,MCD US EQUITY,GICS SECTOR NAME,Consumer Discretionary
18,U US EQUITY,GICS SECTOR NAME,Information Technology
19,MTCH US EQUITY,GICS SECTOR NAME,Communication Services
20,AAPL US EQUITY,GICS SECTOR NAME,Information Technology
21,TSLA US EQUITY,GICS SECTOR NAME,Consumer Discretionary
22,F US EQUITY,GICS SECTOR NAME,Consumer Discretionary
23,BABA US EQUITY,GICS SECTOR NAME,Consumer Discretionary
24,BAC US EQUITY,GICS SECTOR NAME,Financials
25,T US EQUITY,GICS SECTOR NAME,Communication Services
26,AMD US EQUITY,GICS SECTOR NAME,Information Technology
27,PLTR US EQUITY,GICS SECTOR NAME,Information Technology
28,AAL US EQUITY,GICS SECTOR NAME,Industrials
29,NIO US EQUITY,GICS SECTOR NAME,Consumer Discretionary
30,FB US EQUITY,GICS SECTOR NAME,Communication Services
31,INTC US EQUITY,GICS SECTOR NAME,Information Technology
32,PFE US EQUITY,GICS SECTOR NAME,Health Care
33,MSFT US EQUITY,GICS SECTOR NAME,Information Technology
34,UBER US EQUITY,GICS SECTOR NAME,Industrials
35,NVDA US EQUITY,GICS SECTOR NAME,Information Technology
36,CCL US EQUITY,GICS SECTOR NAME,Consumer Discretionary
37,GE US EQUITY,GICS SECTOR NAME,Industrials
38,C US EQUITY,GICS SECTOR NAME,Financials
39,WFC US EQUITY,GICS SECTOR NAME,Financials
40,ABNB US EQUITY,GICS SECTOR NAME,Consumer Discretionary
41,COTY US EQUITY,GICS SECTOR NAME,Consumer Staples
42,OPEN US EQUITY,GICS SECTOR NAME,Real Estate
43,DVN US EQUITY,GICS SECTOR NAME,Energy
44,TTD US EQUITY,GICS SECTOR NAME,Information Technology
45,LYFT US EQUITY,GICS SECTOR NAME,Industrials
46,AA US EQUITY,GICS SECTOR NAME,Materials
47,PROG US EQUITY,GICS SECTOR NAME,Health Care
48,TDOC US EQUITY,GICS SECTOR NAME,Health Care
49,WYNN US EQUITY,GICS SECTOR NAME,Consumer Discretionary
50,CRWD US EQUITY,GICS SECTOR NAME,Information Technology
51,GNUS US EQUITY,GICS SECTOR NAME,Consumer Discretionary
52,TMUS US EQUITY,GICS SECTOR NAME,Communication Services
53,NVAX US EQUITY,GICS SECTOR NAME,Health Care
54,NET US EQUITY,GICS SECTOR NAME,Information Technology
55,DOCU US EQUITY,GICS SECTOR NAME,Information Technology
56,GPS US EQUITY,GICS SECTOR NAME,Consumer Discretionary
57,KHC US EQUITY,GICS SECTOR NAME,Consumer Staples
58,IGT US EQUITY,GICS SECTOR NAME,Consumer Discretionary
59,CHWY US EQUITY,GICS SECTOR NAME,Consumer Discretionary
60,PTON US EQUITY,GICS SECTOR NAME,Consumer Discretionary
61,IBM US EQUITY,GICS SECTOR NAME,Information Technology
62,ABBV US EQUITY,GICS SECTOR NAME,Health Care
63,ZM US EQUITY,GICS SECTOR NAME,Information Technology
64,MARA US EQUITY,GICS SECTOR NAME,Information Technology
65,FCEL US EQUITY,GICS SECTOR NAME,Industrials
66,ORCL US EQUITY,GICS SECTOR NAME,Information Technology
67,M US EQUITY,GICS SECTOR NAME,Consumer Discretionary
68,BYND US EQUITY,GICS SECTOR NAME,Consumer Staples
69,NKE US EQUITY,GICS SECTOR NAME,Consumer Discretionary
70,TAL US EQUITY,GICS SECTOR NAME,Consumer Discretionary
71,LVS US EQUITY,GICS SECTOR NAME,Consumer Discretionary
72,IVR US EQUITY,GICS SECTOR NAME,Financials
73,AMZN US EQUITY,GICS SECTOR NAME,Consumer Discretionary
74,BBIG US EQUITY,GICS SECTOR NAME,Consumer Discretionary
75,SOFI US EQUITY,GICS SECTOR NAME,Financials
76,OXY US EQUITY,GICS SECTOR NAME,Energy
77,SQ US EQUITY,GICS SECTOR NAME,Information Technology
78,RIG US EQUITY,GICS SECTOR NAME,Energy
79,JD US EQUITY,GICS SECTOR NAME,Consumer Discretionary
80,TJX US EQUITY,GICS SECTOR NAME,Consumer Discretionary
81,COST US EQUITY,GICS SECTOR NAME,Consumer Staples
82,GEO US EQUITY,GICS SECTOR NAME,Real Estate
83,BTU US EQUITY,GICS SECTOR NAME,Energy
84,MET US EQUITY,GICS SECTOR NAME,Financials
85,AVGO US EQUITY,GICS SECTOR NAME,Information Technology
86,CVNA US EQUITY,GICS SECTOR NAME,Consumer Discretionary
87,PANW US EQUITY,GICS SECTOR NAME,Information Technology
88,VLO US EQUITY,GICS SECTOR NAME,Energy
89,BEKE US EQUITY,GICS SECTOR NAME,Real Estate
90,MDT US EQUITY,GICS SECTOR NAME,Health Care
91,VMW US EQUITY,GICS SECTOR NAME,Information Technology
92,MNDT US EQUITY,GICS SECTOR NAME,Information Technology
93,APA US EQUITY,GICS SECTOR NAME,Energy
94,CEI US EQUITY,GICS SECTOR NAME,Energy
95,GOGO US EQUITY,GICS SECTOR NAME,Communication Services
96,FTCH US EQUITY,GICS SECTOR NAME,Consumer Discretionary
97,SWN US EQUITY,GICS SECTOR NAME,Energy
98,BNTX US EQUITY,GICS SECTOR NAME,Health Care
99,RLX US EQUITY,GICS SECTOR NAME,Consumer Staples
100,PAGS US EQUITY,GICS SECTOR NAME,Information Technology
101,EBAY US EQUITY,GICS SECTOR NAME,Consumer Discretionary
102,NLY US EQUITY,GICS SECTOR NAME,Financials
103,PSFE US EQUITY,GICS SECTOR NAME,Information Technology
104,BTBT US EQUITY,GICS SECTOR NAME,Information Technology
105,MRVL US EQUITY,GICS SECTOR NAME,Information Technology
106,ON US EQUITY,GICS SECTOR NAME,Information Technology
107,UPS US EQUITY,GICS SECTOR NAME,Industrials
108,FSLR US EQUITY,GICS SECTOR NAME,Information Technology
109,NRZ US EQUITY,GICS SECTOR NAME,Financials
110,IRNT US EQUITY,GICS SECTOR NAME,Information Technology
111,BNGO US EQUITY,GICS SECTOR NAME,Health Care
112,PENN US EQUITY,GICS SECTOR NAME,Consumer Discretionary
113,NUE US EQUITY,GICS SECTOR NAME,Materials
114,TXN US EQUITY,GICS SECTOR NAME,Information Technology
115,BX US EQUITY,GICS SECTOR NAME,Financials
116,ZIM US EQUITY,GICS SECTOR NAME,Industrials
117,GOTU US EQUITY,GICS SECTOR NAME,Consumer Discretionary
118,HL US EQUITY,GICS SECTOR NAME,Materials
119,RTX US EQUITY,GICS SECTOR NAME,Industrials
120,CVX US EQUITY,GICS SECTOR NAME,Energy
121,CVS US EQUITY,GICS SECTOR NAME,Health Care
122,NFLX US EQUITY,GICS SECTOR NAME,Communication Services
123,TME US EQUITY,GICS SECTOR NAME,Communication Services
124,MRNA US EQUITY,GICS SECTOR NAME,Health Care
125,SKLZ US EQUITY,GICS SECTOR NAME,Communication Services
126,IQ US EQUITY,GICS SECTOR NAME,Communication Services
127,ATVI US EQUITY,GICS SECTOR NAME,Communication Services
128,SBUX US EQUITY,GICS SECTOR NAME,Consumer Discretionary
129,WKHS US EQUITY,GICS SECTOR NAME,Consumer Discretionary
130,TWTR US EQUITY,GICS SECTOR NAME,Communication Services
131,X US EQUITY,GICS SECTOR NAME,Materials
132,CMCSA US EQUITY,GICS SECTOR NAME,Communication Services
133,CSCO US EQUITY,GICS SECTOR NAME,Information Technology
134,PINS US EQUITY,GICS SECTOR NAME,Communication Services
135,TLRY US EQUITY,GICS SECTOR NAME,Health Care
136,UAL US EQUITY,GICS SECTOR NAME,Industrials
137,ET US EQUITY,GICS SECTOR NAME,Energy
138,EDU US EQUITY,GICS SECTOR NAME,Consumer Discretionary
139,MRK US EQUITY,GICS SECTOR NAME,Health Care
140,AXP US EQUITY,GICS SECTOR NAME,Financials
141,DNA US EQUITY,GICS SECTOR NAME,Health Care
142,RUN US EQUITY,GICS SECTOR NAME,Industrials
143,CSX US EQUITY,GICS SECTOR NAME,Industrials
144,VST US EQUITY,GICS SECTOR NAME,Utilities
145,ZS US EQUITY,GICS SECTOR NAME,Information Technology
146,HIMX US EQUITY,GICS SECTOR NAME,Information Technology
147,LOW US EQUITY,GICS SECTOR NAME,Consumer Discretionary
148,KR US EQUITY,GICS SECTOR NAME,Consumer Staples
149,MLCO US EQUITY,GICS SECTOR NAME,Consumer Discretionary
150,NEE US EQUITY,GICS SECTOR NAME,Utilities
151,AR US EQUITY,GICS SECTOR NAME,Energy
152,CPNG US EQUITY,GICS SECTOR NAME,Consumer Discretionary
153,MO US EQUITY,GICS SECTOR NAME,Consumer Staples
154,XPEV US EQUITY,GICS SECTOR NAME,Consumer Discretionary
155,COIN US EQUITY,GICS SECTOR NAME,Financials
156,IPOF US EQUITY,GICS SECTOR NAME,
157,AMAT US EQUITY,GICS SECTOR NAME,Information Technology
158,MRO US EQUITY,GICS SECTOR NAME,Energy
159,JNJ US EQUITY,GICS SECTOR NAME,Health Care
160,MA US EQUITY,GICS SECTOR NAME,Information Technology
161,JMIA US EQUITY,GICS SECTOR NAME,Consumer Discretionary
162,KMI US EQUITY,GICS SECTOR NAME,Energy
163,FFIE US EQUITY,GICS SECTOR NAME,Consumer Discretionary
164,ANY US EQUITY,GICS SECTOR NAME,Information Technology
165,PG US EQUITY,GICS SECTOR NAME,Consumer Staples
166,AFRM US EQUITY,GICS SECTOR NAME,Information Technology
167,MPC US EQUITY,GICS SECTOR NAME,Energy
168,TELL US EQUITY,GICS SECTOR NAME,Energy
169,WBA US EQUITY,GICS SECTOR NAME,Consumer Staples
170,GILD US EQUITY,GICS SECTOR NAME,Health Care
171,QCOM US EQUITY,GICS SECTOR NAME,Information Technology
172,MS US EQUITY,GICS SECTOR NAME,Financials
173,SPCE US EQUITY,GICS SECTOR NAME,Industrials
174,WMT US EQUITY,GICS SECTOR NAME,Consumer Staples
175,V US EQUITY,GICS SECTOR NAME,Information Technology
176,ZNGA US EQUITY,GICS SECTOR NAME,Communication Services
177,BMY US EQUITY,GICS SECTOR NAME,Health Care
178,KO US EQUITY,GICS SECTOR NAME,Consumer Staples
179,SLB US EQUITY,GICS SECTOR NAME,Energy
180,SPLK US EQUITY,GICS SECTOR NAME,Information Technology
181,LAZR US EQUITY,GICS SECTOR NAME,Consumer Discretionary
182,ABT US EQUITY,GICS SECTOR NAME,Health Care
183,AMRN US EQUITY,GICS SECTOR NAME,Health Care
184,HPQ US EQUITY,GICS SECTOR NAME,Information Technology
185,OPK US EQUITY,GICS SECTOR NAME,Health Care
186,SCHW US EQUITY,GICS SECTOR NAME,Financials
187,FANG US EQUITY,GICS SECTOR NAME,Energy
188,W US EQUITY,GICS SECTOR NAME,Consumer Discretionary
189,BILI US EQUITY,GICS SECTOR NAME,Communication Services
190,NEM US EQUITY,GICS SECTOR NAME,Materials
191,VTRS US EQUITY,GICS SECTOR NAME,Health Care
192,BKKT US EQUITY,GICS SECTOR NAME,
193,VIPS US EQUITY,GICS SECTOR NAME,Consumer Discretionary
194,COP US EQUITY,GICS SECTOR NAME,Energy
195,ROKU US EQUITY,GICS SECTOR NAME,Communication Services
196,HAL US EQUITY,GICS SECTOR NAME,Energy
197,EQT US EQUITY,GICS SECTOR NAME,Energy
198,RKT US EQUITY,GICS SECTOR NAME,Financials
199,LUMN US EQUITY,GICS SECTOR NAME,Communication Services
200,CHPT US EQUITY,GICS SECTOR NAME,Industrials
201,OCGN US EQUITY,GICS SECTOR NAME,Health Care
202,FDX US EQUITY,GICS SECTOR NAME,Industrials
203,BBBY US EQUITY,GICS SECTOR NAME,Consumer Discretionary
204,WDC US EQUITY,GICS SECTOR NAME,Information Technology
205,SRNE US EQUITY,GICS SECTOR NAME,Health Care
206,SIRI US EQUITY,GICS SECTOR NAME,Communication Services
207,SABR US EQUITY,GICS SECTOR NAME,Information Technology
208,ATUS US EQUITY,GICS SECTOR NAME,Communication Services
209,FSLY US EQUITY,GICS SECTOR NAME,Information Technology
210,LUV US EQUITY,GICS SECTOR NAME,Industrials
211,RCL US EQUITY,GICS SECTOR NAME,Consumer Discretionary
212,NKLA US EQUITY,GICS SECTOR NAME,Industrials
213,LI US EQUITY,GICS SECTOR NAME,Consumer Discretionary
214,FUBO US EQUITY,GICS SECTOR NAME,Communication Services
215,PSTH US EQUITY,GICS SECTOR NAME,
216,PDD US EQUITY,GICS SECTOR NAME,Consumer Discretionary
217,SENS US EQUITY,GICS SECTOR NAME,Health Care
218,SDC US EQUITY,GICS SECTOR NAME,Health Care
219,FSR US EQUITY,GICS SECTOR NAME,Consumer Discretionary
220,LYV US EQUITY,GICS SECTOR NAME,Communication Services
221,AMRS US EQUITY,GICS SECTOR NAME,Materials
222,BCRX US EQUITY,GICS SECTOR NAME,Health Care
223,BSX US EQUITY,GICS SECTOR NAME,Health Care
224,DBRG US EQUITY,GICS SECTOR NAME,Real Estate
225,PAA US EQUITY,GICS SECTOR NAME,Energy
226,DDOG US EQUITY,GICS SECTOR NAME,Information Technology
227,SPWR US EQUITY,GICS SECTOR NAME,Information Technology
228,DELL US EQUITY,GICS SECTOR NAME,Information Technology
229,UPST US EQUITY,GICS SECTOR NAME,Financials
230,SNAP US EQUITY,GICS SECTOR NAME,Communication Services
231,AMC US EQUITY,GICS SECTOR NAME,Communication Services
232,SNDL US EQUITY,GICS SECTOR NAME,Health Care
233,GM US EQUITY,GICS SECTOR NAME,Consumer Discretionary
234,MU US EQUITY,GICS SECTOR NAME,Information Technology
235,FCX US EQUITY,GICS SECTOR NAME,Materials
236,XOM US EQUITY,GICS SECTOR NAME,Energy
237,BA US EQUITY,GICS SECTOR NAME,Industrials
238,DIS US EQUITY,GICS SECTOR NAME,Communication Services
239,VIAC US EQUITY,GICS SECTOR NAME,Communication Services
240,CLOV US EQUITY,GICS SECTOR NAME,Health Care
241,GME US EQUITY,GICS SECTOR NAME,Consumer Discretionary
242,DISCA US EQUITY,GICS SECTOR NAME,Communication Services
243,BIDU US EQUITY,GICS SECTOR NAME,Communication Services
244,QS US EQUITY,GICS SECTOR NAME,Consumer Discretionary
245,HOOD US EQUITY,GICS SECTOR NAME,Financials
246,CRM US EQUITY,GICS SECTOR NAME,Information Technology
247,RIOT US EQUITY,GICS SECTOR NAME,Information Technology
248,PCG US EQUITY,GICS SECTOR NAME,Utilities
249,GSAT US EQUITY,GICS SECTOR NAME,Communication Services
250,ADI US EQUITY,GICS SECTOR NAME,Information Technology
251,ISRG US EQUITY,GICS SECTOR NAME,Health Care
252,ROOT US EQUITY,GICS SECTOR NAME,Financials
253,TTCF US EQUITY,GICS SECTOR NAME,Consumer Staples
254,UNP US EQUITY,GICS SECTOR NAME,Industrials
255,TSN US EQUITY,GICS SECTOR NAME,Consumer Staples
256,XLNX US EQUITY,GICS SECTOR NAME,Information Technology
257,CAN US EQUITY,GICS SECTOR NAME,Information Technology
258,COMM US EQUITY,GICS SECTOR NAME,Information Technology
259,PSX US EQUITY,GICS SECTOR NAME,Energy
260,DBX US EQUITY,GICS SECTOR NAME,Information Technology
261,UNIT US EQUITY,GICS SECTOR NAME,Real Estate
262,WMB US EQUITY,GICS SECTOR NAME,Energy
263,GREE US EQUITY,GICS SECTOR NAME,Information Technology
264,TCOM US EQUITY,GICS SECTOR NAME,Consumer Discretionary
265,ATOS US EQUITY,GICS SECTOR NAME,Health Care
266,AIG US EQUITY,GICS SECTOR NAME,Financials
267,JWN US EQUITY,GICS SECTOR NAME,Consumer Discretionary
268,NYMT US EQUITY,GICS SECTOR NAME,Financials
269,CRTX US EQUITY,GICS SECTOR NAME,Health Care
270,DM US EQUITY,GICS SECTOR NAME,Industrials
271,DISH US EQUITY,GICS SECTOR NAME,Communication Services
272,GS US EQUITY,GICS SECTOR NAME,Financials
273,EPD US EQUITY,GICS SECTOR NAME,Energy
274,EXPE US EQUITY,GICS SECTOR NAME,Consumer Discretionary
275,SE US EQUITY,GICS SECTOR NAME,Communication Services
276,MGM US EQUITY,GICS SECTOR NAME,Consumer Discretionary
277,GOOGL US EQUITY,GICS SECTOR NAME,Communication Services
278,DOW US EQUITY,GICS SECTOR NAME,Materials
279,FUTU US EQUITY,GICS SECTOR NAME,Financials
280,INO US EQUITY,GICS SECTOR NAME,Health Care
281,AGC US EQUITY,GICS SECTOR NAME,
282,CLNE US EQUITY,GICS SECTOR NAME,Energy
283,SAVE US EQUITY,GICS SECTOR NAME,Industrials
284,BBY US EQUITY,GICS SECTOR NAME,Consumer Discretionary
285,PM US EQUITY,GICS SECTOR NAME,Consumer Staples
286,AGEN US EQUITY,GICS SECTOR NAME,Health Care
287,LLY US EQUITY,GICS SECTOR NAME,Health Care
288,UNH US EQUITY,GICS SECTOR NAME,Health Care
289,HYLN US EQUITY,GICS SECTOR NAME,Industrials
290,TGT US EQUITY,GICS SECTOR NAME,Consumer Discretionary
291,RIDE US EQUITY,GICS SECTOR NAME,Consumer Discretionary
292,MOS US EQUITY,GICS SECTOR NAME,Materials
293,JBLU US EQUITY,GICS SECTOR NAME,Industrials
294,IDEX US EQUITY,GICS SECTOR NAME,Industrials
295,HD US EQUITY,GICS SECTOR NAME,Consumer Discretionary
296,AUPH US EQUITY,GICS SECTOR NAME,Health Care
297,CAT US EQUITY,GICS SECTOR NAME,Industrials
298,MVIS US EQUITY,GICS SECTOR NAME,Information Technology
299,AGNC US EQUITY,GICS SECTOR NAME,Financials
300,RBLX US EQUITY,GICS SECTOR NAME,Communication Services
301,KSS US EQUITY,GICS SECTOR NAME,Consumer Discretionary
302,CZR US EQUITY,GICS SECTOR NAME,Consumer Discretionary
303,MUX US EQUITY,GICS SECTOR NAME,Materials
304,TRIP US EQUITY,GICS SECTOR NAME,Communication Services
305,TIGR US EQUITY,GICS SECTOR NAME,Financials
306,UWMC US EQUITY,GICS SECTOR NAME,Financials
307,CRSR US EQUITY,GICS SECTOR NAME,Information Technology
308,PEP US EQUITY,GICS SECTOR NAME,Consumer Staples
309,CTRA US EQUITY,GICS SECTOR NAME,Energy
310,CNC US EQUITY,GICS SECTOR NAME,Health Care
311,AI US EQUITY,GICS SECTOR NAME,Information Technology
312,MVST US EQUITY,GICS SECTOR NAME,Industrials
313,APO US EQUITY,GICS SECTOR NAME,Financials
314,RMO US EQUITY,GICS SECTOR NAME,Industrials
315,ATER US EQUITY,GICS SECTOR NAME,Consumer Discretionary
316,MAC US EQUITY,GICS SECTOR NAME,Real Estate
317,NUAN US EQUITY,GICS SECTOR NAME,Information Technology
318,WDAY US EQUITY,GICS SECTOR NAME,Information Technology
319,LMND US EQUITY,GICS SECTOR NAME,Financials
320,RRC US EQUITY,GICS SECTOR NAME,Energy
321,EA US EQUITY,GICS SECTOR NAME,Communication Services
322,STX US EQUITY,GICS SECTOR NAME,Information Technology
323,CSTM US EQUITY,GICS SECTOR NAME,Materials
324,BKR US EQUITY,GICS SECTOR NAME,Energy
325,AEO US EQUITY,GICS SECTOR NAME,Consumer Discretionary
326,ASTR US EQUITY,GICS SECTOR NAME,Industrials
327,KBH US EQUITY,GICS SECTOR NAME,Consumer Discretionary
328,MAR US EQUITY,GICS SECTOR NAME,Consumer Discretionary
329,TMC US EQUITY,GICS SECTOR NAME,Materials
330,OVV US EQUITY,GICS SECTOR NAME,Energy
331,BTWN US EQUITY,GICS SECTOR NAME,
332,HTZZ US EQUITY,GICS SECTOR NAME,Industrials
333,GRWG US EQUITY,GICS SECTOR NAME,Consumer Discretionary
334,EOG US EQUITY,GICS SECTOR NAME,Energy
335,GSM US EQUITY,GICS SECTOR NAME,Materials
336,AHT US EQUITY,GICS SECTOR NAME,Real Estate
337,BARK US EQUITY,GICS SECTOR NAME,Consumer Discretionary
338,CCXI US EQUITY,GICS SECTOR NAME,Health Care
339,HON US EQUITY,GICS SECTOR NAME,Industrials
340,CDEV US EQUITY,GICS SECTOR NAME,Energy
341,MDLZ US EQUITY,GICS SECTOR NAME,Consumer Staples
342,ASO US EQUITY,GICS SECTOR NAME,Consumer Discretionary
343,KDMN US EQUITY,GICS SECTOR NAME,Health Care
344,PRTY US EQUITY,GICS SECTOR NAME,Consumer Discretionary
345,ASTS US EQUITY,GICS SECTOR NAME,Communication Services
346,MTTR US EQUITY,GICS SECTOR NAME,Information Technology
347,QD US EQUITY,GICS SECTOR NAME,Financials
348,SPOT US EQUITY,GICS SECTOR NAME,Communication Services
349,GEVO US EQUITY,GICS SECTOR NAME,Energy
350,NTES US EQUITY,GICS SECTOR NAME,Communication Services
351,BIIB US EQUITY,GICS SECTOR NAME,Health Care
352,ENDP US EQUITY,GICS SECTOR NAME,Health Care
353,GLW US EQUITY,GICS SECTOR NAME,Information Technology
354,COF US EQUITY,GICS SECTOR NAME,Financials
355,COUP US EQUITY,GICS SECTOR NAME,Information Technology
356,MNKD US EQUITY,GICS SECTOR NAME,Health Care
357,DASH US EQUITY,GICS SECTOR NAME,Consumer Discretionary
358,PSTG US EQUITY,GICS SECTOR NAME,Information Technology
359,FINV US EQUITY,GICS SECTOR NAME,Financials
360,NTNX US EQUITY,GICS SECTOR NAME,Information Technology
361,APPH US EQUITY,GICS SECTOR NAME,Consumer Staples
362,ZEN US EQUITY,GICS SECTOR NAME,Information Technology
363,AMWL US EQUITY,GICS SECTOR NAME,Health Care
364,MP US EQUITY,GICS SECTOR NAME,Materials
365,STNG US EQUITY,GICS SECTOR NAME,Energy
366,MSTR US EQUITY,GICS SECTOR NAME,Information Technology
367,EXC US EQUITY,GICS SECTOR NAME,Utilities
368,DKS US EQUITY,GICS SECTOR NAME,Consumer Discretionary
369,TRIT US EQUITY,GICS SECTOR NAME,Information Technology
370,OTLY US EQUITY,GICS SECTOR NAME,Consumer Staples
371,XSPA US EQUITY,GICS SECTOR NAME,Consumer Discretionary
372,BBWI US EQUITY,GICS SECTOR NAME,Consumer Discretionary
373,DWAC US EQUITY,GICS SECTOR NAME,
374,LRCX US EQUITY,GICS SECTOR NAME,Information Technology
375,XL US EQUITY,GICS SECTOR NAME,Consumer Discretionary
376,PXD US EQUITY,GICS SECTOR NAME,Energy
377,RBAC US EQUITY,GICS SECTOR NAME,
378,LC US EQUITY,GICS SECTOR NAME,Financials
379,SOLO US EQUITY,GICS SECTOR NAME,Consumer Discretionary
380,SPIR US EQUITY,GICS SECTOR NAME,Industrials
381,FE US EQUITY,GICS SECTOR NAME,Utilities
382,CRSP US EQUITY,GICS SECTOR NAME,Health Care
383,NOW US EQUITY,GICS SECTOR NAME,Information Technology
384,FL US EQUITY,GICS SECTOR NAME,Consumer Discretionary
385,GLNG US EQUITY,GICS SECTOR NAME,Energy
386,AMGN US EQUITY,GICS SECTOR NAME,Health Care
387,SWKS US EQUITY,GICS SECTOR NAME,Information Technology
388,CDE US EQUITY,GICS SECTOR NAME,Materials
389,IP US EQUITY,GICS SECTOR NAME,Materials
390,HUYA US EQUITY,GICS SECTOR NAME,Communication Services
391,GNW US EQUITY,GICS SECTOR NAME,Financials
392,CLSK US EQUITY,GICS SECTOR NAME,Information Technology
393,PNC US EQUITY,GICS SECTOR NAME,Financials
394,HPE US EQUITY,GICS SECTOR NAME,Information Technology
395,LEV US EQUITY,GICS SECTOR NAME,Industrials
396,PATH US EQUITY,GICS SECTOR NAME,Information Technology
397,YNDX US EQUITY,GICS SECTOR NAME,Communication Services
398,SKT US EQUITY,GICS SECTOR NAME,Real Estate
399,TTWO US EQUITY,GICS SECTOR NAME,Communication Services
400,DD US EQUITY,GICS SECTOR NAME,Materials
401,SSYS US EQUITY,GICS SECTOR NAME,Information Technology
402,CPE US EQUITY,GICS SECTOR NAME,Energy
403,ZEV US EQUITY,GICS SECTOR NAME,Industrials
404,SYF US EQUITY,GICS SECTOR NAME,Financials
405,SPR US EQUITY,GICS SECTOR NAME,Industrials
406,PLAY US EQUITY,GICS SECTOR NAME,Consumer Discretionary
407,CF US EQUITY,GICS SECTOR NAME,Materials
408,XRX US EQUITY,GICS SECTOR NAME,Information Technology
409,ASAN US EQUITY,GICS SECTOR NAME,Information Technology
410,FLR US EQUITY,GICS SECTOR NAME,Industrials
411,HOG US EQUITY,GICS SECTOR NAME,Consumer Discretionary
412,SFIX US EQUITY,GICS SECTOR NAME,Consumer Discretionary
413,BODY US EQUITY,GICS SECTOR NAME,Consumer Discretionary
414,REI US EQUITY,GICS SECTOR NAME,Energy
415,REKR US EQUITY,GICS SECTOR NAME,Information Technology
416,PTRA US EQUITY,GICS SECTOR NAME,Industrials
417,EVFM US EQUITY,GICS SECTOR NAME,Health Care
418,DT US EQUITY,GICS SECTOR NAME,Information Technology
419,RAD US EQUITY,GICS SECTOR NAME,Consumer Staples
420,STNE US EQUITY,GICS SECTOR NAME,Information Technology
421,TFC US EQUITY,GICS SECTOR NAME,Financials
422,AES US EQUITY,GICS SECTOR NAME,Utilities
423,PRU US EQUITY,GICS SECTOR NAME,Financials
424,CIFR US EQUITY,GICS SECTOR NAME,Information Technology
425,STEM US EQUITY,GICS SECTOR NAME,Industrials
426,TEAM US EQUITY,GICS SECTOR NAME,Information Technology
427,MCMJ US EQUITY,GICS SECTOR NAME,
428,VUZI US EQUITY,GICS SECTOR NAME,Consumer Discretionary
429,STLD US EQUITY,GICS SECTOR NAME,Materials
430,OPAD US EQUITY,GICS SECTOR NAME,
431,FIS US EQUITY,GICS SECTOR NAME,Information Technology
432,AKAM US EQUITY,GICS SECTOR NAME,Information Technology
433,AYX US EQUITY,GICS SECTOR NAME,Information Technology
434,VLTA US EQUITY,GICS SECTOR NAME,Consumer Discretionary
435,FIVN US EQUITY,GICS SECTOR NAME,Information Technology
436,CHTR US EQUITY,GICS SECTOR NAME,Communication Services
437,CI US EQUITY,GICS SECTOR NAME,Health Care
438,HIPO US EQUITY,GICS SECTOR NAME,Financials
439,MQ US EQUITY,GICS SECTOR NAME,Information Technology
440,GPRO US EQUITY,GICS SECTOR NAME,Consumer Discretionary
441,INSG US EQUITY,GICS SECTOR NAME,Information Technology
442,VRM US EQUITY,GICS SECTOR NAME,Consumer Discretionary
443,QRTEA US EQUITY,GICS SECTOR NAME,Consumer Discretionary
444,VLDR US EQUITY,GICS SECTOR NAME,Information Technology
445,DHR US EQUITY,GICS SECTOR NAME,Health Care
446,NXTD US EQUITY,GICS SECTOR NAME,Information Technology
447,WEN US EQUITY,GICS SECTOR NAME,Consumer Discretionary
448,LEN US EQUITY,GICS SECTOR NAME,Consumer Discretionary
449,BLMN US EQUITY,GICS SECTOR NAME,Consumer Discretionary
450,EBON US EQUITY,GICS SECTOR NAME,Information Technology
451,ALLY US EQUITY,GICS SECTOR NAME,Financials
452,LMT US EQUITY,GICS SECTOR NAME,Industrials
453,NVTA US EQUITY,GICS SECTOR NAME,Health Care
454,ME US EQUITY,GICS SECTOR NAME,Health Care
455,SESN US EQUITY,GICS SECTOR NAME,Health Care
456,BE US EQUITY,GICS SECTOR NAME,Industrials
457,RKLB US EQUITY,GICS SECTOR NAME,Industrials
458,SEAH US EQUITY,GICS SECTOR NAME,
459,MMM US EQUITY,GICS SECTOR NAME,Industrials
460,WE US EQUITY,GICS SECTOR NAME,
461,GRPN US EQUITY,GICS SECTOR NAME,Consumer Discretionary
462,MFA US EQUITY,GICS SECTOR NAME,Financials
463,APPS US EQUITY,GICS SECTOR NAME,Information Technology
464,UEC US EQUITY,GICS SECTOR NAME,Energy
465,DHI US EQUITY,GICS SECTOR NAME,Consumer Discretionary
466,KEY US EQUITY,GICS SECTOR NAME,Financials
467,DLTR US EQUITY,GICS SECTOR NAME,Consumer Discretionary
468,NAT US EQUITY,GICS SECTOR NAME,Energy
469,MOMO US EQUITY,GICS SECTOR NAME,Communication Services
470,PFSI US EQUITY,GICS SECTOR NAME,Financials
471,SFT US EQUITY,GICS SECTOR NAME,Consumer Discretionary
472,CTLP US EQUITY,GICS SECTOR NAME,Information Technology
473,PLBY US EQUITY,GICS SECTOR NAME,Consumer Discretionary
474,WATT US EQUITY,GICS SECTOR NAME,Industrials
475,WOLF US EQUITY,GICS SECTOR NAME,Information Technology
476,REAL US EQUITY,GICS SECTOR NAME,Consumer Discretionary
477,ALK US EQUITY,GICS SECTOR NAME,Industrials
478,WLL US EQUITY,GICS SECTOR NAME,Energy
479,NNOX US EQUITY,GICS SECTOR NAME,Health Care
480,PBF US EQUITY,GICS SECTOR NAME,Energy
481,RF US EQUITY,GICS SECTOR NAME,Financials
482,WY US EQUITY,GICS SECTOR NAME,Real Estate
483,MNTS US EQUITY,GICS SECTOR NAME,Industrials
484,ACN US EQUITY,GICS SECTOR NAME,Information Technology
485,CXW US EQUITY,GICS SECTOR NAME,Industrials
486,MILE US EQUITY,GICS SECTOR NAME,Financials
487,CPB US EQUITY,GICS SECTOR NAME,Consumer Staples
488,DE US EQUITY,GICS SECTOR NAME,Industrials
489,EGHT US EQUITY,GICS SECTOR NAME,Information Technology
490,KKR US EQUITY,GICS SECTOR NAME,Financials
491,MAT US EQUITY,GICS SECTOR NAME,Consumer Discretionary
492,ULTA US EQUITY,GICS SECTOR NAME,Consumer Discretionary
493,SKIN US EQUITY,GICS SECTOR NAME,Consumer Staples
494,SIX US EQUITY,GICS SECTOR NAME,Consumer Discretionary
495,AXSM US EQUITY,GICS SECTOR NAME,Health Care
496,ALTO US EQUITY,GICS SECTOR NAME,Energy
497,WW US EQUITY,GICS SECTOR NAME,Consumer Discretionary
498,MDB US EQUITY,GICS SECTOR NAME,Information Technology
499,ATCO US EQUITY,GICS SECTOR NAME,Industrials
500,NMTR US EQUITY,GICS SECTOR NAME,Health Care
501,TMO US EQUITY,GICS SECTOR NAME,Health Care
502,IRBT US EQUITY,GICS SECTOR NAME,Consumer Discretionary
503,CHGG US EQUITY,GICS SECTOR NAME,Consumer Discretionary
504,CSIQ US EQUITY,GICS SECTOR NAME,Information Technology
505,XLRN US EQUITY,GICS SECTOR NAME,Health Care
506,HIMS US EQUITY,GICS SECTOR NAME,Health Care
507,FTAI US EQUITY,GICS SECTOR NAME,Industrials
508,TAP US EQUITY,GICS SECTOR NAME,Consumer Staples
509,ADT US EQUITY,GICS SECTOR NAME,Industrials
510,GPRE US EQUITY,GICS SECTOR NAME,Energy
511,ADMP US EQUITY,GICS SECTOR NAME,Health Care
512,MGI US EQUITY,GICS SECTOR NAME,Information Technology
513,RWT US EQUITY,GICS SECTOR NAME,Financials
514,LU US EQUITY,GICS SECTOR NAME,Financials
515,CLX US EQUITY,GICS SECTOR NAME,Consumer Staples
516,MELI US EQUITY,GICS SECTOR NAME,Consumer Discretionary
517,LOTZ US EQUITY,GICS SECTOR NAME,Consumer Discretionary
518,PPL US EQUITY,GICS SECTOR NAME,Utilities
519,MGNI US EQUITY,GICS SECTOR NAME,Communication Services
520,HLT US EQUITY,GICS SECTOR NAME,Consumer Discretionary
521,DDD US EQUITY,GICS SECTOR NAME,Information Technology
522,ELY US EQUITY,GICS SECTOR NAME,Consumer Discretionary
523,MMAT US EQUITY,GICS SECTOR NAME,Information Technology
524,CNK US EQUITY,GICS SECTOR NAME,Communication Services
525,CMPS US EQUITY,GICS SECTOR NAME,Health Care
526,OKTA US EQUITY,GICS SECTOR NAME,Information Technology
527,GT US EQUITY,GICS SECTOR NAME,Consumer Discretionary
528,KPLT US EQUITY,GICS SECTOR NAME,Financials
529,SONO US EQUITY,GICS SECTOR NAME,Consumer Discretionary
530,ARVL US EQUITY,GICS SECTOR NAME,Consumer Discretionary
531,ABR US EQUITY,GICS SECTOR NAME,Financials
532,OSTK US EQUITY,GICS SECTOR NAME,Consumer Discretionary
533,DVAX US EQUITY,GICS SECTOR NAME,Health Care
534,CL US EQUITY,GICS SECTOR NAME,Consumer Staples
535,BGCP US EQUITY,GICS SECTOR NAME,Financials
536,VRTX US EQUITY,GICS SECTOR NAME,Health Care
537,MITT US EQUITY,GICS SECTOR NAME,Financials
538,MIR US EQUITY,GICS SECTOR NAME,
539,K US EQUITY,GICS SECTOR NAME,Consumer Staples
540,HEAR US EQUITY,GICS SECTOR NAME,Information Technology
541,KODK US EQUITY,GICS SECTOR NAME,Information Technology
542,GDS US EQUITY,GICS SECTOR NAME,Information Technology
543,BTCM US EQUITY,GICS SECTOR NAME,Information Technology
544,INMD US EQUITY,GICS SECTOR NAME,Health Care
545,VTNR US EQUITY,GICS SECTOR NAME,Energy
546,VXRT US EQUITY,GICS SECTOR NAME,Health Care
547,BOX US EQUITY,GICS SECTOR NAME,Information Technology
548,POWW US EQUITY,GICS SECTOR NAME,Consumer Discretionary
549,HTA US EQUITY,GICS SECTOR NAME,Real Estate
550,GSL US EQUITY,GICS SECTOR NAME,Industrials
551,ADSK US EQUITY,GICS SECTOR NAME,Information Technology
552,UXIN US EQUITY,GICS SECTOR NAME,Consumer Discretionary
553,RDFN US EQUITY,GICS SECTOR NAME,Real Estate
554,SYY US EQUITY,GICS SECTOR NAME,Consumer Staples
555,KMB US EQUITY,GICS SECTOR NAME,Consumer Staples
556,GIS US EQUITY,GICS SECTOR NAME,Consumer Staples
557,CARR US EQUITY,GICS SECTOR NAME,Industrials
558,NLS US EQUITY,GICS SECTOR NAME,Consumer Discretionary
559,ML US EQUITY,GICS SECTOR NAME,Financials
560,NMM US EQUITY,GICS SECTOR NAME,Industrials
561,GTE US EQUITY,GICS SECTOR NAME,Energy
562,TROX US EQUITY,GICS SECTOR NAME,Materials
563,MCHP US EQUITY,GICS SECTOR NAME,Information Technology
564,BKSY US EQUITY,GICS SECTOR NAME,Industrials
565,CLVS US EQUITY,GICS SECTOR NAME,Health Care
566,ADVM US EQUITY,GICS SECTOR NAME,Health Care
567,SBLK US EQUITY,GICS SECTOR NAME,Industrials
568,HYZN US EQUITY,GICS SECTOR NAME,Industrials
569,SRPT US EQUITY,GICS SECTOR NAME,Health Care
570,GCI US EQUITY,GICS SECTOR NAME,Communication Services
571,NXPI US EQUITY,GICS SECTOR NAME,Information Technology
572,GWH US EQUITY,GICS SECTOR NAME,Industrials
573,GPN US EQUITY,GICS SECTOR NAME,Information Technology
574,OMER US EQUITY,GICS SECTOR NAME,Health Care
575,SO US EQUITY,GICS SECTOR NAME,Utilities
576,WU US EQUITY,GICS SECTOR NAME,Information Technology
577,NCR US EQUITY,GICS SECTOR NAME,Information Technology
578,IONQ US EQUITY,GICS SECTOR NAME,
579,JOBY US EQUITY,GICS SECTOR NAME,Industrials
580,LNG US EQUITY,GICS SECTOR NAME,Energy
581,DS US EQUITY,GICS SECTOR NAME,Consumer Discretionary
582,CYH US EQUITY,GICS SECTOR NAME,Health Care
583,AVIR US EQUITY,GICS SECTOR NAME,Health Care
584,CWH US EQUITY,GICS SECTOR NAME,Consumer Discretionary
585,BK US EQUITY,GICS SECTOR NAME,Financials
586,ASXC US EQUITY,GICS SECTOR NAME,Health Care
587,ATNF US EQUITY,GICS SECTOR NAME,Health Care
588,NLOK US EQUITY,GICS SECTOR NAME,Information Technology
589,LULU US EQUITY,GICS SECTOR NAME,Consumer Discretionary
590,KMPH US EQUITY,GICS SECTOR NAME,Health Care
591,KNDI US EQUITY,GICS SECTOR NAME,Consumer Discretionary
592,HUN US EQUITY,GICS SECTOR NAME,Materials
593,CMG US EQUITY,GICS SECTOR NAME,Consumer Discretionary
594,CANO US EQUITY,GICS SECTOR NAME,Health Care
595,AVYA US EQUITY,GICS SECTOR NAME,Information Technology
596,LIDR US EQUITY,GICS SECTOR NAME,Information Technology
597,FITB US EQUITY,GICS SECTOR NAME,Financials
598,CVM US EQUITY,GICS SECTOR NAME,Health Care
599,DUK US EQUITY,GICS SECTOR NAME,Utilities
600,BLNK US EQUITY,GICS SECTOR NAME,Industrials
601,GOEV US EQUITY,GICS SECTOR NAME,Consumer Discretionary
602,TPX US EQUITY,GICS SECTOR NAME,Consumer Discretionary
603,STLA US EQUITY,GICS SECTOR NAME,Consumer Discretionary
604,ETSY US EQUITY,GICS SECTOR NAME,Consumer Discretionary
605,SAVA US EQUITY,GICS SECTOR NAME,Health Care
606,CAR US EQUITY,GICS SECTOR NAME,Industrials
607,TWO US EQUITY,GICS SECTOR NAME,Financials
608,SPG US EQUITY,GICS SECTOR NAME,Real Estate
609,UAA US EQUITY,GICS SECTOR NAME,Consumer Discretionary
610,MUDS US EQUITY,GICS SECTOR NAME,
611,CAG US EQUITY,GICS SECTOR NAME,Consumer Staples
612,AVPT US EQUITY,GICS SECTOR NAME,Information Technology
613,ADP US EQUITY,GICS SECTOR NAME,Information Technology
614,DHT US EQUITY,GICS SECTOR NAME,Energy
615,IRM US EQUITY,GICS SECTOR NAME,Real Estate
616,EXPR US EQUITY,GICS SECTOR NAME,Consumer Discretionary
617,UPWK US EQUITY,GICS SECTOR NAME,Industrials
618,ARLP US EQUITY,GICS SECTOR NAME,Energy
619,DPZ US EQUITY,GICS SECTOR NAME,Consumer Discretionary
620,TOL US EQUITY,GICS SECTOR NAME,Consumer Discretionary
621,XERS US EQUITY,GICS SECTOR NAME,Health Care
622,SHAK US EQUITY,GICS SECTOR NAME,Consumer Discretionary
623,INCY US EQUITY,GICS SECTOR NAME,Health Care
624,REE US EQUITY,GICS SECTOR NAME,Consumer Discretionary
625,MAXR US EQUITY,GICS SECTOR NAME,Industrials
626,GNOG US EQUITY,GICS SECTOR NAME,Consumer Discretionary
627,ADMA US EQUITY,GICS SECTOR NAME,Health Care
628,WMC US EQUITY,GICS SECTOR NAME,Financials
629,REGN US EQUITY,GICS SECTOR NAME,Health Care
630,LYB US EQUITY,GICS SECTOR NAME,Materials
631,IPOD US EQUITY,GICS SECTOR NAME,
632,STWD US EQUITY,GICS SECTOR NAME,Financials
633,CIEN US EQUITY,GICS SECTOR NAME,Information Technology
634,OKE US EQUITY,GICS SECTOR NAME,Energy
635,MPLX US EQUITY,GICS SECTOR NAME,Energy
636,DGLY US EQUITY,GICS SECTOR NAME,Information Technology
637,CTXR US EQUITY,GICS SECTOR NAME,Health Care
638,RNW US EQUITY,GICS SECTOR NAME,Utilities
639,EXAS US EQUITY,GICS SECTOR NAME,Health Care
640,ZIOP US EQUITY,GICS SECTOR NAME,Health Care
641,RDW US EQUITY,GICS SECTOR NAME,
642,TXMD US EQUITY,GICS SECTOR NAME,Health Care
643,SEDG US EQUITY,GICS SECTOR NAME,Information Technology
644,GES US EQUITY,GICS SECTOR NAME,Consumer Discretionary
645,AM US EQUITY,GICS SECTOR NAME,Energy
646,EDIT US EQUITY,GICS SECTOR NAME,Health Care
647,GERN US EQUITY,GICS SECTOR NAME,Health Care
648,BG US EQUITY,GICS SECTOR NAME,Consumer Staples
649,GDRX US EQUITY,GICS SECTOR NAME,Health Care
650,NBEV US EQUITY,GICS SECTOR NAME,Consumer Staples
651,IMGN US EQUITY,GICS SECTOR NAME,Health Care
652,VIEW US EQUITY,GICS SECTOR NAME,Industrials
653,AMT US EQUITY,GICS SECTOR NAME,Real Estate
654,MBI US EQUITY,GICS SECTOR NAME,Financials
655,SLCA US EQUITY,GICS SECTOR NAME,Energy
656,GNRC US EQUITY,GICS SECTOR NAME,Industrials
657,MPW US EQUITY,GICS SECTOR NAME,Real Estate
658,FVRR US EQUITY,GICS SECTOR NAME,Consumer Discretionary
659,HBAN US EQUITY,GICS SECTOR NAME,Financials
660,LTHM US EQUITY,GICS SECTOR NAME,Materials
661,HLF US EQUITY,GICS SECTOR NAME,Consumer Staples
662,RH US EQUITY,GICS SECTOR NAME,Consumer Discretionary
663,INTU US EQUITY,GICS SECTOR NAME,Information Technology
664,TX US EQUITY,GICS SECTOR NAME,Materials
665,VIRT US EQUITY,GICS SECTOR NAME,Financials
666,IIVI US EQUITY,GICS SECTOR NAME,Information Technology
667,VBIV US EQUITY,GICS SECTOR NAME,Health Care
668,BMRN US EQUITY,GICS SECTOR NAME,Health Care
669,DG US EQUITY,GICS SECTOR NAME,Consumer Discretionary
670,ROST US EQUITY,GICS SECTOR NAME,Consumer Discretionary
671,IOVA US EQUITY,GICS SECTOR NAME,Health Care
672,DRI US EQUITY,GICS SECTOR NAME,Consumer Discretionary
673,IVZ US EQUITY,GICS SECTOR NAME,Financials
674,GOED US EQUITY,GICS SECTOR NAME,Consumer Discretionary
675,THC US EQUITY,GICS SECTOR NAME,Health Care
676,ALDX US EQUITY,GICS SECTOR NAME,Health Care
677,CTSH US EQUITY,GICS SECTOR NAME,Information Technology
678,VEEV US EQUITY,GICS SECTOR NAME,Health Care
679,FOUR US EQUITY,GICS SECTOR NAME,Information Technology
680,EW US EQUITY,GICS SECTOR NAME,Health Care
681,CTVA US EQUITY,GICS SECTOR NAME,Materials
682,RSI US EQUITY,GICS SECTOR NAME,Consumer Discretionary
683,SWBI US EQUITY,GICS SECTOR NAME,Consumer Discretionary
684,ALB US EQUITY,GICS SECTOR NAME,Materials
685,VTR US EQUITY,GICS SECTOR NAME,Real Estate
686,ALIT US EQUITY,GICS SECTOR NAME,Industrials
687,LLNW US EQUITY,GICS SECTOR NAME,Information Technology
688,COOP US EQUITY,GICS SECTOR NAME,Financials
689,SLQT US EQUITY,GICS SECTOR NAME,Financials
690,CFG US EQUITY,GICS SECTOR NAME,Financials
691,ESGC US EQUITY,GICS SECTOR NAME,Communication Services
692,APRN US EQUITY,GICS SECTOR NAME,Consumer Staples
693,AVDL US EQUITY,GICS SECTOR NAME,Health Care
694,VFC US EQUITY,GICS SECTOR NAME,Consumer Discretionary
695,ICE US EQUITY,GICS SECTOR NAME,Financials
696,NKTR US EQUITY,GICS SECTOR NAME,Health Care
697,CROX US EQUITY,GICS SECTOR NAME,Consumer Discretionary
698,INDI US EQUITY,GICS SECTOR NAME,Information Technology
699,NRG US EQUITY,GICS SECTOR NAME,Utilities
700,NOC US EQUITY,GICS SECTOR NAME,Industrials
701,CRTD US EQUITY,GICS SECTOR NAME,Communication Services
702,SPGI US EQUITY,GICS SECTOR NAME,Financials
703,WTI US EQUITY,GICS SECTOR NAME,Energy
704,VG US EQUITY,GICS SECTOR NAME,Information Technology
705,NVCR US EQUITY,GICS SECTOR NAME,Health Care
706,FUV US EQUITY,GICS SECTOR NAME,Consumer Discretionary
707,RGS US EQUITY,GICS SECTOR NAME,Consumer Discretionary
708,OZON US EQUITY,GICS SECTOR NAME,Consumer Discretionary
709,SHW US EQUITY,GICS SECTOR NAME,Materials
710,LNC US EQUITY,GICS SECTOR NAME,Financials
711,PETS US EQUITY,GICS SECTOR NAME,Consumer Discretionary
712,KTOS US EQUITY,GICS SECTOR NAME,Industrials
713,CSPR US EQUITY,GICS SECTOR NAME,Consumer Discretionary
714,AMBA US EQUITY,GICS SECTOR NAME,Information Technology
715,BFLY US EQUITY,GICS SECTOR NAME,Health Care
716,BIGC US EQUITY,GICS SECTOR NAME,Information Technology
717,SD US EQUITY,GICS SECTOR NAME,Energy
718,BYSI US EQUITY,GICS SECTOR NAME,Health Care
719,ARCC US EQUITY,GICS SECTOR NAME,Financials
720,STZ US EQUITY,GICS SECTOR NAME,Consumer Staples
721,CME US EQUITY,GICS SECTOR NAME,Financials
722,FREY US EQUITY,GICS SECTOR NAME,Industrials
723,ANF US EQUITY,GICS SECTOR NAME,Consumer Discretionary
724,JKS US EQUITY,GICS SECTOR NAME,Information Technology
725,MMP US EQUITY,GICS SECTOR NAME,Energy
726,UNFI US EQUITY,GICS SECTOR NAME,Consumer Staples
727,FIGS US EQUITY,GICS SECTOR NAME,Health Care
728,MAPS US EQUITY,GICS SECTOR NAME,Information Technology
729,ARMK US EQUITY,GICS SECTOR NAME,Consumer Discretionary
730,UNM US EQUITY,GICS SECTOR NAME,Financials
731,PRCH US EQUITY,GICS SECTOR NAME,Consumer Discretionary
732,PLAN US EQUITY,GICS SECTOR NAME,Information Technology
733,PAYO US EQUITY,GICS SECTOR NAME,Information Technology
734,APP US EQUITY,GICS SECTOR NAME,Information Technology
735,HZNP US EQUITY,GICS SECTOR NAME,Health Care
736,ORGN US EQUITY,GICS SECTOR NAME,Materials
737,HWM US EQUITY,GICS SECTOR NAME,Industrials
738,CLR US EQUITY,GICS SECTOR NAME,Energy
739,PGR US EQUITY,GICS SECTOR NAME,Financials
740,AXL US EQUITY,GICS SECTOR NAME,Consumer Discretionary
741,UP US EQUITY,GICS SECTOR NAME,Industrials
742,LILM US EQUITY,GICS SECTOR NAME,Industrials
743,LPX US EQUITY,GICS SECTOR NAME,Materials
744,ACAD US EQUITY,GICS SECTOR NAME,Health Care
745,RBOT US EQUITY,GICS SECTOR NAME,Health Care
746,SFM US EQUITY,GICS SECTOR NAME,Consumer Staples
747,CHS US EQUITY,GICS SECTOR NAME,Consumer Discretionary
748,DPW US EQUITY,GICS SECTOR NAME,Industrials
749,LIN US EQUITY,GICS SECTOR NAME,Materials
750,BLDE US EQUITY,GICS SECTOR NAME,Industrials
751,LEVI US EQUITY,GICS SECTOR NAME,Consumer Discretionary
752,OUST US EQUITY,GICS SECTOR NAME,Information Technology
753,XPO US EQUITY,GICS SECTOR NAME,Industrials
754,WIMI US EQUITY,GICS SECTOR NAME,Communication Services
755,TXRH US EQUITY,GICS SECTOR NAME,Consumer Discretionary
756,BKNG US EQUITY,GICS SECTOR NAME,Consumer Discretionary
757,XXII US EQUITY,GICS SECTOR NAME,Consumer Staples
758,OCUL US EQUITY,GICS SECTOR NAME,Health Care
759,MNST US EQUITY,GICS SECTOR NAME,Consumer Staples
760,ALL US EQUITY,GICS SECTOR NAME,Financials
761,ZI US EQUITY,GICS SECTOR NAME,Communication Services
762,URI US EQUITY,GICS SECTOR NAME,Industrials
763,SI US EQUITY,GICS SECTOR NAME,Financials
764,DOCN US EQUITY,GICS SECTOR NAME,Information Technology
765,INVZ US EQUITY,GICS SECTOR NAME,Information Technology
766,CHRW US EQUITY,GICS SECTOR NAME,Industrials
767,AEHR US EQUITY,GICS SECTOR NAME,Information Technology
768,SHPW US EQUITY,GICS SECTOR NAME,
769,YUM US EQUITY,GICS SECTOR NAME,Consumer Discretionary
770,MIC US EQUITY,GICS SECTOR NAME,Utilities
771,CIM US EQUITY,GICS SECTOR NAME,Financials
772,POSH US EQUITY,GICS SECTOR NAME,Consumer Discretionary
773,TTOO US EQUITY,GICS SECTOR NAME,Health Care
774,DXCM US EQUITY,GICS SECTOR NAME,Health Care
775,NGL US EQUITY,GICS SECTOR NAME,Energy
776,PGEN US EQUITY,GICS SECTOR NAME,Health Care
777,TRTN US EQUITY,GICS SECTOR NAME,Industrials
778,KDP US EQUITY,GICS SECTOR NAME,Consumer Staples
779,BXMT US EQUITY,GICS SECTOR NAME,Financials
780,PSEC US EQUITY,GICS SECTOR NAME,Financials
781,HST US EQUITY,GICS SECTOR NAME,Real Estate
782,RLGY US EQUITY,GICS SECTOR NAME,Real Estate
783,IBRX US EQUITY,GICS SECTOR NAME,Health Care
784,CTXS US EQUITY,GICS SECTOR NAME,Information Technology
785,PAYX US EQUITY,GICS SECTOR NAME,Information Technology
786,HRL US EQUITY,GICS SECTOR NAME,Consumer Staples
787,PCT US EQUITY,GICS SECTOR NAME,Materials
788,PAYS US EQUITY,GICS SECTOR NAME,Information Technology
789,HA US EQUITY,GICS SECTOR NAME,Industrials
790,XP US EQUITY,GICS SECTOR NAME,Financials
791,FTCV US EQUITY,GICS SECTOR NAME,
792,TGTX US EQUITY,GICS SECTOR NAME,Health Care
793,WTRH US EQUITY,GICS SECTOR NAME,Consumer Discretionary
794,CPRI US EQUITY,GICS SECTOR NAME,Consumer Discretionary
795,CAH US EQUITY,GICS SECTOR NAME,Health Care
796,EVGO US EQUITY,GICS SECTOR NAME,Consumer Discretionary
797,MARK US EQUITY,GICS SECTOR NAME,Consumer Discretionary
798,YY US EQUITY,GICS SECTOR NAME,Communication Services
799,AFL US EQUITY,GICS SECTOR NAME,Financials
800,PRGO US EQUITY,GICS SECTOR NAME,Health Care
801,NWL US EQUITY,GICS SECTOR NAME,Consumer Discretionary
802,BGFV US EQUITY,GICS SECTOR NAME,Consumer Discretionary
803,ACI US EQUITY,GICS SECTOR NAME,Consumer Staples
804,COMP US EQUITY,GICS SECTOR NAME,Real Estate
805,CTRM US EQUITY,GICS SECTOR NAME,Industrials
806,HUM US EQUITY,GICS SECTOR NAME,Health Care
807,CSLT US EQUITY,GICS SECTOR NAME,Health Care
808,DFS US EQUITY,GICS SECTOR NAME,Financials
809,DXC US EQUITY,GICS SECTOR NAME,Information Technology
810,NTAP US EQUITY,GICS SECTOR NAME,Information Technology
811,OLN US EQUITY,GICS SECTOR NAME,Materials
812,MX US EQUITY,GICS SECTOR NAME,Information Technology
813,NWSA US EQUITY,GICS SECTOR NAME,Communication Services
814,VRRM US EQUITY,GICS SECTOR NAME,Information Technology
815,OHI US EQUITY,GICS SECTOR NAME,Real Estate
816,DOCS US EQUITY,GICS SECTOR NAME,Health Care
817,ONEM US EQUITY,GICS SECTOR NAME,Health Care
818,AAWW US EQUITY,GICS SECTOR NAME,Industrials
819,OWL US EQUITY,GICS SECTOR NAME,Financials
820,RNG US EQUITY,GICS SECTOR NAME,Information Technology
821,TDC US EQUITY,GICS SECTOR NAME,Information Technology
822,NOG US EQUITY,GICS SECTOR NAME,Energy
823,ARRY US EQUITY,GICS SECTOR NAME,Industrials
824,DCRC US EQUITY,GICS SECTOR NAME,
825,YUMC US EQUITY,GICS SECTOR NAME,Consumer Discretionary
826,CYRX US EQUITY,GICS SECTOR NAME,Health Care
827,ORI US EQUITY,GICS SECTOR NAME,Financials
828,SOL US EQUITY,GICS SECTOR NAME,Industrials
829,BZUN US EQUITY,GICS SECTOR NAME,Consumer Discretionary
830,PPC US EQUITY,GICS SECTOR NAME,Consumer Staples
831,JNPR US EQUITY,GICS SECTOR NAME,Information Technology
832,KC US EQUITY,GICS SECTOR NAME,Information Technology
833,ESTC US EQUITY,GICS SECTOR NAME,Information Technology
834,TPR US EQUITY,GICS SECTOR NAME,Consumer Discretionary
835,ZG US EQUITY,GICS SECTOR NAME,Real Estate
836,SMSI US EQUITY,GICS SECTOR NAME,Information Technology
837,UPH US EQUITY,GICS SECTOR NAME,Health Care
838,CLVR US EQUITY,GICS SECTOR NAME,Health Care
839,ILMN US EQUITY,GICS SECTOR NAME,Health Care
840,CVAC US EQUITY,GICS SECTOR NAME,Health Care
841,NRXP US EQUITY,GICS SECTOR NAME,Health Care
842,ZUO US EQUITY,GICS SECTOR NAME,Information Technology
843,RFP US EQUITY,GICS SECTOR NAME,Materials
844,KOPN US EQUITY,GICS SECTOR NAME,Information Technology
845,EVH US EQUITY,GICS SECTOR NAME,Health Care
846,LAUR US EQUITY,GICS SECTOR NAME,Consumer Discretionary
847,HYFM US EQUITY,GICS SECTOR NAME,Industrials
848,SGMO US EQUITY,GICS SECTOR NAME,Health Care
849,PLD US EQUITY,GICS SECTOR NAME,Real Estate
850,LPCN US EQUITY,GICS SECTOR NAME,Health Care
851,CBOE US EQUITY,GICS SECTOR NAME,Financials
852,PAVM US EQUITY,GICS SECTOR NAME,Health Care
853,CBRL US EQUITY,GICS SECTOR NAME,Consumer Discretionary
854,FTNT US EQUITY,GICS SECTOR NAME,Information Technology
855,STT US EQUITY,GICS SECTOR NAME,Financials
856,CCI US EQUITY,GICS SECTOR NAME,Real Estate
857,HCA US EQUITY,GICS SECTOR NAME,Health Care
858,BAX US EQUITY,GICS SECTOR NAME,Health Care
859,MPLN US EQUITY,GICS SECTOR NAME,Health Care
860,NOV US EQUITY,GICS SECTOR NAME,Energy
861,ABCL US EQUITY,GICS SECTOR NAME,Health Care
862,D US EQUITY,GICS SECTOR NAME,Utilities
863,HES US EQUITY,GICS SECTOR NAME,Energy
864,ATHX US EQUITY,GICS SECTOR NAME,Health Care
865,CRK US EQUITY,GICS SECTOR NAME,Energy
866,HBI US EQUITY,GICS SECTOR NAME,Consumer Discretionary
867,ABUS US EQUITY,GICS SECTOR NAME,Health Care
868,IAA US EQUITY,GICS SECTOR NAME,Industrials
869,LICY US EQUITY,GICS SECTOR NAME,Industrials
870,MYPS US EQUITY,GICS SECTOR NAME,Communication Services
871,BDX US EQUITY,GICS SECTOR NAME,Health Care
872,BROS US EQUITY,GICS SECTOR NAME,Consumer Discretionary
873,PUBM US EQUITY,GICS SECTOR NAME,Communication Services
874,GBT US EQUITY,GICS SECTOR NAME,Health Care
875,RDWR US EQUITY,GICS SECTOR NAME,Information Technology
876,UAVS US EQUITY,GICS SECTOR NAME,Industrials
877,HP US EQUITY,GICS SECTOR NAME,Energy
878,WIX US EQUITY,GICS SECTOR NAME,Information Technology
879,SCCO US EQUITY,GICS SECTOR NAME,Materials
880,DOYU US EQUITY,GICS SECTOR NAME,Communication Services
881,SKX US EQUITY,GICS SECTOR NAME,Consumer Discretionary
882,YETI US EQUITY,GICS SECTOR NAME,Consumer Discretionary
883,FRO US EQUITY,GICS SECTOR NAME,Energy
884,ACHR US EQUITY,GICS SECTOR NAME,
885,PBI US EQUITY,GICS SECTOR NAME,Industrials
886,CLMT US EQUITY,GICS SECTOR NAME,Energy
887,WM US EQUITY,GICS SECTOR NAME,Industrials
888,EMR US EQUITY,GICS SECTOR NAME,Industrials
889,BGS US EQUITY,GICS SECTOR NAME,Consumer Staples
890,WRAP US EQUITY,GICS SECTOR NAME,Information Technology
891,ITP US EQUITY,GICS SECTOR NAME,Materials
892,ASPN US EQUITY,GICS SECTOR NAME,Energy
893,ESI US EQUITY,GICS SECTOR NAME,Materials
894,AIV US EQUITY,GICS SECTOR NAME,Real Estate
895,DNUT US EQUITY,GICS SECTOR NAME,Consumer Discretionary
896,DGX US EQUITY,GICS SECTOR NAME,Health Care
897,CRBP US EQUITY,GICS SECTOR NAME,Health Care
898,EAT US EQUITY,GICS SECTOR NAME,Consumer Discretionary
899,PTGX US EQUITY,GICS SECTOR NAME,Health Care
900,SAM US EQUITY,GICS SECTOR NAME,Consumer Staples
901,NEWR US EQUITY,GICS SECTOR NAME,Information Technology
902,KLAC US EQUITY,GICS SECTOR NAME,Information Technology
903,QRVO US EQUITY,GICS SECTOR NAME,Information Technology
904,KPTI US EQUITY,GICS SECTOR NAME,Health Care
905,BEN US EQUITY,GICS SECTOR NAME,Financials
906,APT US EQUITY,GICS SECTOR NAME,Industrials
907,BLDR US EQUITY,GICS SECTOR NAME,Industrials
908,GOCO US EQUITY,GICS SECTOR NAME,Financials
909,ONDS US EQUITY,GICS SECTOR NAME,Information Technology
910,BMBL US EQUITY,GICS SECTOR NAME,Communication Services
911,ED US EQUITY,GICS SECTOR NAME,Utilities
912,MTDR US EQUITY,GICS SECTOR NAME,Energy
913,FOXA US EQUITY,GICS SECTOR NAME,Communication Services
914,SGMS US EQUITY,GICS SECTOR NAME,Consumer Discretionary
915,DQ US EQUITY,GICS SECTOR NAME,Information Technology
916,GLBS US EQUITY,GICS SECTOR NAME,Industrials
917,LITE US EQUITY,GICS SECTOR NAME,Information Technology
918,ETRN US EQUITY,GICS SECTOR NAME,Energy
919,STAR US EQUITY,GICS SECTOR NAME,Real Estate
920,SEEL US EQUITY,GICS SECTOR NAME,Health Care
921,PERI US EQUITY,GICS SECTOR NAME,Communication Services
922,OEG US EQUITY,GICS SECTOR NAME,Industrials
923,WELL US EQUITY,GICS SECTOR NAME,Real Estate
924,GSKY US EQUITY,GICS SECTOR NAME,Information Technology
925,INFN US EQUITY,GICS SECTOR NAME,Information Technology
926,FLEX US EQUITY,GICS SECTOR NAME,Information Technology
927,S US EQUITY,GICS SECTOR NAME,Information Technology
928,CMI US EQUITY,GICS SECTOR NAME,Industrials
929,ALGN US EQUITY,GICS SECTOR NAME,Health Care
930,BBIO US EQUITY,GICS SECTOR NAME,Health Care
931,AVTR US EQUITY,GICS SECTOR NAME,Health Care
932,APD US EQUITY,GICS SECTOR NAME,Materials
933,RMBS US EQUITY,GICS SECTOR NAME,Information Technology
934,ISEE US EQUITY,GICS SECTOR NAME,Health Care
935,FAST US EQUITY,GICS SECTOR NAME,Industrials
936,PD US EQUITY,GICS SECTOR NAME,Information Technology
937,CURI US EQUITY,GICS SECTOR NAME,Communication Services
938,LW US EQUITY,GICS SECTOR NAME,Consumer Staples
939,PAYA US EQUITY,GICS SECTOR NAME,Information Technology
940,AXTA US EQUITY,GICS SECTOR NAME,Materials
941,CNX US EQUITY,GICS SECTOR NAME,Energy
942,IBIO US EQUITY,GICS SECTOR NAME,Health Care
943,CC US EQUITY,GICS SECTOR NAME,Materials
944,PHM US EQUITY,GICS SECTOR NAME,Consumer Discretionary
945,IMAX US EQUITY,GICS SECTOR NAME,Communication Services
946,ADM US EQUITY,GICS SECTOR NAME,Consumer Staples
947,AEP US EQUITY,GICS SECTOR NAME,Utilities
948,TPGY US EQUITY,GICS SECTOR NAME,
949,ATIP US EQUITY,GICS SECTOR NAME,Health Care
950,A US EQUITY,GICS SECTOR NAME,Health Care
951,AQMS US EQUITY,GICS SECTOR NAME,Industrials
952,GAN US EQUITY,GICS SECTOR NAME,Consumer Discretionary
953,OTIS US EQUITY,GICS SECTOR NAME,Industrials
954,VMEO US EQUITY,GICS SECTOR NAME,Communication Services
955,YEXT US EQUITY,GICS SECTOR NAME,Information Technology
956,SM US EQUITY,GICS SECTOR NAME,Energy
957,KERN US EQUITY,GICS SECTOR NAME,Industrials
958,OMF US EQUITY,GICS SECTOR NAME,Financials
959,XM US EQUITY,GICS SECTOR NAME,Information Technology
960,ARWR US EQUITY,GICS SECTOR NAME,Health Care
961,ACEV US EQUITY,GICS SECTOR NAME,
962,NDAQ US EQUITY,GICS SECTOR NAME,Financials
963,CHNG US EQUITY,GICS SECTOR NAME,Health Care
964,CG US EQUITY,GICS SECTOR NAME,Financials
965,APPN US EQUITY,GICS SECTOR NAME,Information Technology
966,ALKS US EQUITY,GICS SECTOR NAME,Health Care
967,FTI US EQUITY,GICS SECTOR NAME,Energy
968,GD US EQUITY,GICS SECTOR NAME,Industrials
969,VICI US EQUITY,GICS SECTOR NAME,Real Estate
970,XOS US EQUITY,GICS SECTOR NAME,Industrials
971,ANTM US EQUITY,GICS SECTOR NAME,Health Care
972,TGH US EQUITY,GICS SECTOR NAME,Industrials
973,SEAS US EQUITY,GICS SECTOR NAME,Consumer Discretionary
974,AMPE US EQUITY,GICS SECTOR NAME,Health Care
975,SDGR US EQUITY,GICS SECTOR NAME,Health Care
976,SHCR US EQUITY,GICS SECTOR NAME,Health Care
977,RFL US EQUITY,GICS SECTOR NAME,Real Estate
978,FHN US EQUITY,GICS SECTOR NAME,Financials
979,VERU US EQUITY,GICS SECTOR NAME,Consumer Staples
980,WPC US EQUITY,GICS SECTOR NAME,Real Estate
981,SSSS US EQUITY,GICS SECTOR NAME,Financials
982,FLXN US EQUITY,GICS SECTOR NAME,Health Care
983,CELU US EQUITY,GICS SECTOR NAME,Health Care
984,PFGC US EQUITY,GICS SECTOR NAME,Consumer Staples
985,CMRE US EQUITY,GICS SECTOR NAME,Industrials
986,COUR US EQUITY,GICS SECTOR NAME,Consumer Discretionary
987,CLDX US EQUITY,GICS SECTOR NAME,Health Care
988,TNK US EQUITY,GICS SECTOR NAME,Energy
989,MCF US EQUITY,GICS SECTOR NAME,Energy
990,USFD US EQUITY,GICS SECTOR NAME,Consumer Staples
991,BEST US EQUITY,GICS SECTOR NAME,Industrials
992,CELH US EQUITY,GICS SECTOR NAME,Consumer Staples
993,AJRD US EQUITY,GICS SECTOR NAME,Industrials
994,CDNS US EQUITY,GICS SECTOR NAME,Information Technology
995,RACE US EQUITY,GICS SECTOR NAME,Consumer Discretionary
996,ELAN US EQUITY,GICS SECTOR NAME,Health Care
997,MRIN US EQUITY,GICS SECTOR NAME,Information Technology
998,VSTO US EQUITY,GICS SECTOR NAME,Consumer Discretionary
999,VHC US EQUITY,GICS SECTOR NAME,Information Technology
1000,NOVA US EQUITY,GICS SECTOR NAME,Utilities
1001,OGN US EQUITY,GICS SECTOR NAME,Health Care
1002,ESPR US EQUITY,GICS SECTOR NAME,Health Care
1003,IONS US EQUITY,GICS SECTOR NAME,Health Care
1004,ATAI US EQUITY,GICS SECTOR NAME,Health Care
1005,THO US EQUITY,GICS SECTOR NAME,Consumer Discretionary
1006,EVRI US EQUITY,GICS SECTOR NAME,Consumer Discretionary
1007,MAS US EQUITY,GICS SECTOR NAME,Industrials
1008,ALT US EQUITY,GICS SECTOR NAME,Health Care
1009,CERS US EQUITY,GICS SECTOR NAME,Health Care
1010,BYD US EQUITY,GICS SECTOR NAME,Consumer Discretionary
1011,ESRT US EQUITY,GICS SECTOR NAME,Real Estate
1012,KRYS US EQUITY,GICS SECTOR NAME,Health Care
1013,SOHU US EQUITY,GICS SECTOR NAME,Communication Services
1014,IR US EQUITY,GICS SECTOR NAME,Industrials
1015,ATI US EQUITY,GICS SECTOR NAME,Materials
1016,ALLT US EQUITY,GICS SECTOR NAME,Information Technology
1017,INFI US EQUITY,GICS SECTOR NAME,Health Care
1018,VRAY US EQUITY,GICS SECTOR NAME,Health Care
1019,RWLK US EQUITY,GICS SECTOR NAME,Health Care
1020,SB US EQUITY,GICS SECTOR NAME,Industrials
1021,ENG US EQUITY,GICS SECTOR NAME,Energy
1022,PACB US EQUITY,GICS SECTOR NAME,Health Care
1023,ICPT US EQUITY,GICS SECTOR NAME,Health Care
1024,PARR US EQUITY,GICS SECTOR NAME,Energy
1025,ZTO US EQUITY,GICS SECTOR NAME,Industrials
1026,WB US EQUITY,GICS SECTOR NAME,Communication Services
1027,PLNT US EQUITY,GICS SECTOR NAME,Consumer Discretionary
1028,MUR US EQUITY,GICS SECTOR NAME,Energy
1029,VKTX US EQUITY,GICS SECTOR NAME,Health Care
1030,CERN US EQUITY,GICS SECTOR NAME,Health Care
1031,DSX US EQUITY,GICS SECTOR NAME,Industrials
1032,MCK US EQUITY,GICS SECTOR NAME,Health Care
1033,ETWO US EQUITY,GICS SECTOR NAME,Information Technology
1034,AVXL US EQUITY,GICS SECTOR NAME,Health Care
1035,ROVR US EQUITY,GICS SECTOR NAME,Consumer Discretionary
1036,TER US EQUITY,GICS SECTOR NAME,Information Technology
1037,WHR US EQUITY,GICS SECTOR NAME,Consumer Discretionary
1038,TEN US EQUITY,GICS SECTOR NAME,Consumer Discretionary
1039,OSCR US EQUITY,GICS SECTOR NAME,Financials
1040,VISL US EQUITY,GICS SECTOR NAME,Information Technology
1041,UAMY US EQUITY,GICS SECTOR NAME,Materials
1042,FUN US EQUITY,GICS SECTOR NAME,Consumer Discretionary
1043,NSC US EQUITY,GICS SECTOR NAME,Industrials
1044,RKLY US EQUITY,GICS SECTOR NAME,Information Technology
1045,TWOU US EQUITY,GICS SECTOR NAME,Consumer Discretionary
1046,SNCR US EQUITY,GICS SECTOR NAME,Information Technology
1047,PRPL US EQUITY,GICS SECTOR NAME,Consumer Discretionary
1048,KOS US EQUITY,GICS SECTOR NAME,Energy
1049,BLL US EQUITY,GICS SECTOR NAME,Materials
1050,TNL US EQUITY,GICS SECTOR NAME,Consumer Discretionary
1051,EFX US EQUITY,GICS SECTOR NAME,Industrials
1052,APTV US EQUITY,GICS SECTOR NAME,Consumer Discretionary
1053,TTI US EQUITY,GICS SECTOR NAME,Energy
1054,IMMR US EQUITY,GICS SECTOR NAME,Information Technology
1055,NCTY US EQUITY,GICS SECTOR NAME,Communication Services
1056,CMRX US EQUITY,GICS SECTOR NAME,Health Care
1057,AKBA US EQUITY,GICS SECTOR NAME,Health Care
1058,MANU US EQUITY,GICS SECTOR NAME,Communication Services
1059,NCMI US EQUITY,GICS SECTOR NAME,Communication Services
1060,ETN US EQUITY,GICS SECTOR NAME,Industrials
1061,TWNK US EQUITY,GICS SECTOR NAME,Consumer Staples
1062,AREC US EQUITY,GICS SECTOR NAME,Energy
1063,ENVX US EQUITY,GICS SECTOR NAME,Industrials
1064,HYRE US EQUITY,GICS SECTOR NAME,Industrials
1065,MAXN US EQUITY,GICS SECTOR NAME,Information Technology
1066,KVSB US EQUITY,GICS SECTOR NAME,
1067,RIGL US EQUITY,GICS SECTOR NAME,Health Care
1068,AYRO US EQUITY,GICS SECTOR NAME,Consumer Discretionary
1069,QGEN US EQUITY,GICS SECTOR NAME,Health Care
1070,HIG US EQUITY,GICS SECTOR NAME,Financials
1071,TSP US EQUITY,GICS SECTOR NAME,Industrials
1072,TRVN US EQUITY,GICS SECTOR NAME,Health Care
1073,IMVT US EQUITY,GICS SECTOR NAME,Health Care
1074,LX US EQUITY,GICS SECTOR NAME,Financials
1075,BILL US EQUITY,GICS SECTOR NAME,Information Technology
1076,HGEN US EQUITY,GICS SECTOR NAME,Health Care
1077,ACM US EQUITY,GICS SECTOR NAME,Industrials
1078,TGNA US EQUITY,GICS SECTOR NAME,Communication Services
1079,SWCH US EQUITY,GICS SECTOR NAME,Information Technology
1080,CNDT US EQUITY,GICS SECTOR NAME,Information Technology
1081,IO US EQUITY,GICS SECTOR NAME,Energy
1082,LL US EQUITY,GICS SECTOR NAME,Consumer Discretionary
1083,DOLE US EQUITY,GICS SECTOR NAME,Consumer Staples
1084,SYK US EQUITY,GICS SECTOR NAME,Health Care
1085,RVLV US EQUITY,GICS SECTOR NAME,Consumer Discretionary
1086,QDEL US EQUITY,GICS SECTOR NAME,Health Care
1087,PMT US EQUITY,GICS SECTOR NAME,Financials
1088,SAGE US EQUITY,GICS SECTOR NAME,Health Care
1089,AQB US EQUITY,GICS SECTOR NAME,Health Care
1090,RADA US EQUITY,GICS SECTOR NAME,Industrials
1091,DBI US EQUITY,GICS SECTOR NAME,Consumer Discretionary
1092,GDOT US EQUITY,GICS SECTOR NAME,Financials
1093,RL US EQUITY,GICS SECTOR NAME,Consumer Discretionary
1094,SUMO US EQUITY,GICS SECTOR NAME,Information Technology
1095,EB US EQUITY,GICS SECTOR NAME,Communication Services
1096,WGO US EQUITY,GICS SECTOR NAME,Consumer Discretionary
1097,ADNT US EQUITY,GICS SECTOR NAME,Consumer Discretionary
1098,VZIO US EQUITY,GICS SECTOR NAME,Consumer Discretionary
1099,ZGNX US EQUITY,GICS SECTOR NAME,Health Care
1100,VNO US EQUITY,GICS SECTOR NAME,Real Estate
1101,ZY US EQUITY,GICS SECTOR NAME,Materials
1102,WWR US EQUITY,GICS SECTOR NAME,Industrials
1103,CCK US EQUITY,GICS SECTOR NAME,Materials
1104,ACIW US EQUITY,GICS SECTOR NAME,Information Technology
1105,EHC US EQUITY,GICS SECTOR NAME,Health Care
1106,SRAX US EQUITY,GICS SECTOR NAME,Information Technology
1107,BFI US EQUITY,GICS SECTOR NAME,Consumer Discretionary
1108,ZTS US EQUITY,GICS SECTOR NAME,Health Care
1109,CCV US EQUITY,GICS SECTOR NAME,
1110,GNK US EQUITY,GICS SECTOR NAME,Industrials
1111,ELMS US EQUITY,GICS SECTOR NAME,Consumer Discretionary
1112,OMI US EQUITY,GICS SECTOR NAME,Health Care
1113,PCAR US EQUITY,GICS SECTOR NAME,Industrials
1114,CALA US EQUITY,GICS SECTOR NAME,Health Care
1115,EXEL US EQUITY,GICS SECTOR NAME,Health Care
1116,GENI US EQUITY,GICS SECTOR NAME,Communication Services
1117,TUP US EQUITY,GICS SECTOR NAME,Consumer Discretionary
1118,BCLI US EQUITY,GICS SECTOR NAME,Health Care
1119,AAP US EQUITY,GICS SECTOR NAME,Consumer Discretionary
1120,KIRK US EQUITY,GICS SECTOR NAME,Consumer Discretionary
1121,PLX US EQUITY,GICS SECTOR NAME,Health Care
1122,CENX US EQUITY,GICS SECTOR NAME,Materials
1123,RXT US EQUITY,GICS SECTOR NAME,Information Technology
1124,FIVE US EQUITY,GICS SECTOR NAME,Consumer Discretionary
1125,POST US EQUITY,GICS SECTOR NAME,Consumer Staples
1126,JAZZ US EQUITY,GICS SECTOR NAME,Health Care
1127,QFIN US EQUITY,GICS SECTOR NAME,Financials
1128,HRB US EQUITY,GICS SECTOR NAME,Consumer Discretionary
1129,BDSI US EQUITY,GICS SECTOR NAME,Health Care
1130,CB US EQUITY,GICS SECTOR NAME,Financials
1131,KMX US EQUITY,GICS SECTOR NAME,Consumer Discretionary
1132,KNX US EQUITY,GICS SECTOR NAME,Industrials
1133,HAS US EQUITY,GICS SECTOR NAME,Consumer Discretionary
1134,CNHI US EQUITY,GICS SECTOR NAME,Industrials
1135,PWR US EQUITY,GICS SECTOR NAME,Industrials
1136,CLSD US EQUITY,GICS SECTOR NAME,Health Care
1137,ARDX US EQUITY,GICS SECTOR NAME,Health Care
1138,ENLC US EQUITY,GICS SECTOR NAME,Energy
1139,FBRX US EQUITY,GICS SECTOR NAME,Health Care
1140,PAGP US EQUITY,GICS SECTOR NAME,Energy
1141,OSH US EQUITY,GICS SECTOR NAME,Health Care
1142,MKFG US EQUITY,GICS SECTOR NAME,Industrials
1143,DAC US EQUITY,GICS SECTOR NAME,Industrials
1144,CODX US EQUITY,GICS SECTOR NAME,Health Care
1145,NYCB US EQUITY,GICS SECTOR NAME,Financials
1146,QURE US EQUITY,GICS SECTOR NAME,Health Care
1147,CPLG US EQUITY,GICS SECTOR NAME,Real Estate
1148,BLK US EQUITY,GICS SECTOR NAME,Financials
1149,WOOF US EQUITY,GICS SECTOR NAME,Consumer Discretionary
1150,NRDY US EQUITY,GICS SECTOR NAME,Consumer Discretionary
1151,DNMR US EQUITY,GICS SECTOR NAME,Materials
1152,JCI US EQUITY,GICS SECTOR NAME,Industrials
1153,AER US EQUITY,GICS SECTOR NAME,Industrials
1154,O US EQUITY,GICS SECTOR NAME,Real Estate
1155,SUNL US EQUITY,GICS SECTOR NAME,Financials
1156,PK US EQUITY,GICS SECTOR NAME,Real Estate
1157,CRNT US EQUITY,GICS SECTOR NAME,Information Technology
1158,YELL US EQUITY,GICS SECTOR NAME,Industrials
1159,ATOM US EQUITY,GICS SECTOR NAME,Information Technology
1160,WEBR US EQUITY,GICS SECTOR NAME,Consumer Discretionary
1161,URBN US EQUITY,GICS SECTOR NAME,Consumer Discretionary
1162,EOSE US EQUITY,GICS SECTOR NAME,Industrials
1163,RVNC US EQUITY,GICS SECTOR NAME,Health Care
1164,RAMP US EQUITY,GICS SECTOR NAME,Information Technology
1165,ADS US EQUITY,GICS SECTOR NAME,Information Technology
1166,RRD US EQUITY,GICS SECTOR NAME,Industrials
1167,EL US EQUITY,GICS SECTOR NAME,Consumer Staples
1168,APLS US EQUITY,GICS SECTOR NAME,Health Care
1169,ARR US EQUITY,GICS SECTOR NAME,Financials
1170,AMPY US EQUITY,GICS SECTOR NAME,Energy
1171,CONE US EQUITY,GICS SECTOR NAME,Real Estate
1172,BLUE US EQUITY,GICS SECTOR NAME,Health Care
1173,EXPI US EQUITY,GICS SECTOR NAME,Real Estate
1174,WSM US EQUITY,GICS SECTOR NAME,Consumer Discretionary
1175,SUNW US EQUITY,GICS SECTOR NAME,Industrials
1176,CRTO US EQUITY,GICS SECTOR NAME,Communication Services
1177,HUBS US EQUITY,GICS SECTOR NAME,Information Technology
1178,PING US EQUITY,GICS SECTOR NAME,Information Technology
1179,HOLX US EQUITY,GICS SECTOR NAME,Health Care
1180,ALTU US EQUITY,GICS SECTOR NAME,
1181,DSKE US EQUITY,GICS SECTOR NAME,Industrials
1182,LESL US EQUITY,GICS SECTOR NAME,Consumer Discretionary
1183,AON US EQUITY,GICS SECTOR NAME,Financials
1184,CNR US EQUITY,GICS SECTOR NAME,Industrials
1185,VLD US EQUITY,GICS SECTOR NAME,Industrials
1186,IBKR US EQUITY,GICS SECTOR NAME,Financials
1187,CARA US EQUITY,GICS SECTOR NAME,Health Care
1188,QTNT US EQUITY,GICS SECTOR NAME,Health Care
1189,SMFR US EQUITY,GICS SECTOR NAME,Health Care
1190,CRVS US EQUITY,GICS SECTOR NAME,Health Care
1191,HFC US EQUITY,GICS SECTOR NAME,Energy
1192,CBRE US EQUITY,GICS SECTOR NAME,Real Estate
1193,LH US EQUITY,GICS SECTOR NAME,Health Care
1194,CBAT US EQUITY,GICS SECTOR NAME,Industrials
